method,path,backend_status,body_size,statediff_size,body
POST,/api/books,201,52,4507915,"{""title"":""Test Book 1_0"",""author"":""Test Author 1_0""}"
GET,/api/books/6922a3d10c5f065430bfb18b,200,0,557,
PUT,/api/books/6922a3d10c5f065430bfb18b,200,68,3,"{""title"":""Updated Test Book 1_0"",""author"":""Updated Test Author 1_0""}"
DELETE,/api/books/6922a3d10c5f065430bfb18b,200,0,171,
POST,/api/books,201,52,171,"{""title"":""Test Book 1_1"",""author"":""Test Author 1_1""}"
GET,/api/books/6922a3d10c5f065430bfb18c,200,0,171,
PUT,/api/books/6922a3d10c5f065430bfb18c,200,68,3,"{""title"":""Updated Test Book 1_1"",""author"":""Updated Test Author 1_1""}"
DELETE,/api/books/6922a3d10c5f065430bfb18c,200,0,171,
POST,/api/books,201,52,3296,"{""title"":""Test Book 1_2"",""author"":""Test Author 1_2""}"
GET,/api/books/6922a3d20c5f065430bfb18d,200,0,1807,
PUT,/api/books/6922a3d20c5f065430bfb18d,200,68,3,"{""title"":""Updated Test Book 1_2"",""author"":""Updated Test Author 1_2""}"
DELETE,/api/books/6922a3d20c5f065430bfb18d,200,0,171,
POST,/api/books,201,52,171,"{""title"":""Test Book 1_3"",""author"":""Test Author 1_3""}"
GET,/api/books/6922a3d20c5f065430bfb18e,200,0,171,
PUT,/api/books/6922a3d20c5f065430bfb18e,200,68,3,"{""title"":""Updated Test Book 1_3"",""author"":""Updated Test Author 1_3""}"
DELETE,/api/books/6922a3d20c5f065430bfb18e,200,0,171,
POST,/api/books,201,52,171,"{""title"":""Test Book 1_4"",""author"":""Test Author 1_4""}"
GET,/api/books/6922a3d30c5f065430bfb18f,200,0,171,
PUT,/api/books/6922a3d30c5f065430bfb18f,200,68,3,"{""title"":""Updated Test Book 1_4"",""author"":""Updated Test Author 1_4""}"
DELETE,/api/books/6922a3d30c5f065430bfb18f,200,0,171,
POST,/api/books,201,52,3,"{""title"":""Test Book 1_5"",""author"":""Test Author 1_5""}"
GET,/api/books/6922a3d30c5f065430bfb190,200,0,301,
PUT,/api/books/6922a3d30c5f065430bfb190,200,68,3,"{""title"":""Updated Test Book 1_5"",""author"":""Updated Test Author 1_5""}"
DELETE,/api/books/6922a3d30c5f065430bfb190,200,0,171,
POST,/api/books,201,52,171,"{""title"":""Test Book 1_6"",""author"":""Test Author 1_6""}"
GET,/api/books/6922a3d40c5f065430bfb191,200,0,171,
PUT,/api/books/6922a3d40c5f065430bfb191,200,68,3,"{""title"":""Updated Test Book 1_6"",""author"":""Updated Test Author 1_6""}"
DELETE,/api/books/6922a3d40c5f065430bfb191,200,0,171,
POST,/api/books,201,52,171,"{""title"":""Test Book 1_7"",""author"":""Test Author 1_7""}"
GET,/api/books/6922a3d40c5f065430bfb192,200,0,171,
PUT,/api/books/6922a3d40c5f065430bfb192,200,68,3,"{""title"":""Updated Test Book 1_7"",""author"":""Updated Test Author 1_7""}"
DELETE,/api/books/6922a3d40c5f065430bfb192,200,0,171,
POST,/api/books,201,52,38569,"{""title"":""Test Book 1_8"",""author"":""Test Author 1_8""}"
GET,/api/books/6922a3d50c5f065430bfb193,200,0,171,
PUT,/api/books/6922a3d50c5f065430bfb193,200,68,3,"{""title"":""Updated Test Book 1_8"",""author"":""Updated Test Author 1_8""}"
DELETE,/api/books/6922a3d50c5f065430bfb193,200,0,171,
POST,/api/books,201,52,171,"{""title"":""Test Book 1_9"",""author"":""Test Author 1_9""}"
GET,/api/books/6922a3d50c5f065430bfb194,200,0,171,
PUT,/api/books/6922a3d50c5f065430bfb194,200,68,3,"{""title"":""Updated Test Book 1_9"",""author"":""Updated Test Author 1_9""}"
DELETE,/api/books/6922a3d50c5f065430bfb194,200,0,171,
POST,/api/books,201,54,171,"{""title"":""Test Book 1_10"",""author"":""Test Author 1_10""}"
GET,/api/books/6922a3d50c5f065430bfb195,200,0,171,
PUT,/api/books/6922a3d50c5f065430bfb195,200,70,3,"{""title"":""Updated Test Book 1_10"",""author"":""Updated Test Author 1_10""}"
DELETE,/api/books/6922a3d50c5f065430bfb195,200,0,305,
POST,/api/books,201,54,3,"{""title"":""Test Book 1_11"",""author"":""Test Author 1_11""}"
GET,/api/books/6922a3d60c5f065430bfb196,200,0,171,
PUT,/api/books/6922a3d60c5f065430bfb196,200,70,3,"{""title"":""Updated Test Book 1_11"",""author"":""Updated Test Author 1_11""}"
DELETE,/api/books/6922a3d60c5f065430bfb196,200,0,171,
POST,/api/books,201,54,171,"{""title"":""Test Book 1_12"",""author"":""Test Author 1_12""}"
GET,/api/books/6922a3d60c5f065430bfb197,200,0,171,
PUT,/api/books/6922a3d60c5f065430bfb197,200,70,3,"{""title"":""Updated Test Book 1_12"",""author"":""Updated Test Author 1_12""}"
DELETE,/api/books/6922a3d60c5f065430bfb197,200,0,171,
POST,/api/books,201,54,171,"{""title"":""Test Book 1_13"",""author"":""Test Author 1_13""}"
GET,/api/books/6922a3d70c5f065430bfb198,200,0,171,
PUT,/api/books/6922a3d70c5f065430bfb198,200,70,3,"{""title"":""Updated Test Book 1_13"",""author"":""Updated Test Author 1_13""}"
DELETE,/api/books/6922a3d70c5f065430bfb198,200,0,1805,
POST,/api/books,201,54,3298,"{""title"":""Test Book 1_14"",""author"":""Test Author 1_14""}"
GET,/api/books/6922a3d70c5f065430bfb199,200,0,171,
PUT,/api/books/6922a3d70c5f065430bfb199,200,70,3,"{""title"":""Updated Test Book 1_14"",""author"":""Updated Test Author 1_14""}"
DELETE,/api/books/6922a3d70c5f065430bfb199,200,0,171,
POST,/api/books,201,54,171,"{""title"":""Test Book 1_15"",""author"":""Test Author 1_15""}"
GET,/api/books/6922a3d80c5f065430bfb19a,200,0,171,
PUT,/api/books/6922a3d80c5f065430bfb19a,200,70,3,"{""title"":""Updated Test Book 1_15"",""author"":""Updated Test Author 1_15""}"
DELETE,/api/books/6922a3d80c5f065430bfb19a,200,0,171,
POST,/api/books,201,54,171,"{""title"":""Test Book 1_16"",""author"":""Test Author 1_16""}"
GET,/api/books/6922a3d80c5f065430bfb19b,200,0,171,
PUT,/api/books/6922a3d80c5f065430bfb19b,200,70,3,"{""title"":""Updated Test Book 1_16"",""author"":""Updated Test Author 1_16""}"
DELETE,/api/books/6922a3d80c5f065430bfb19b,200,0,171,
POST,/api/books,201,54,301,"{""title"":""Test Book 1_17"",""author"":""Test Author 1_17""}"
GET,/api/books/6922a3d90c5f065430bfb19c,200,0,3,
PUT,/api/books/6922a3d90c5f065430bfb19c,200,70,3,"{""title"":""Updated Test Book 1_17"",""author"":""Updated Test Author 1_17""}"
DELETE,/api/books/6922a3d90c5f065430bfb19c,200,0,171,
POST,/api/books,201,54,171,"{""title"":""Test Book 1_18"",""author"":""Test Author 1_18""}"
GET,/api/books/6922a3d90c5f065430bfb19d,200,0,171,
PUT,/api/books/6922a3d90c5f065430bfb19d,200,70,171,"{""title"":""Updated Test Book 1_18"",""author"":""Updated Test Author 1_18""}"
DELETE,/api/books/6922a3d90c5f065430bfb19d,200,0,3,
POST,/api/books,201,54,171,"{""title"":""Test Book 1_19"",""author"":""Test Author 1_19""}"
GET,/api/books/6922a3da0c5f065430bfb19e,200,0,171,
PUT,/api/books/6922a3da0c5f065430bfb19e,200,70,3,"{""title"":""Updated Test Book 1_19"",""author"":""Updated Test Author 1_19""}"
DELETE,/api/books/6922a3da0c5f065430bfb19e,200,0,171,
POST,/api/books,201,54,171,"{""title"":""Test Book 1_20"",""author"":""Test Author 1_20""}"
GET,/api/books/6922a3da0c5f065430bfb19f,200,0,171,
PUT,/api/books/6922a3da0c5f065430bfb19f,200,70,3,"{""title"":""Updated Test Book 1_20"",""author"":""Updated Test Author 1_20""}"
DELETE,/api/books/6922a3da0c5f065430bfb19f,200,0,171,
POST,/api/books,201,54,171,"{""title"":""Test Book 1_21"",""author"":""Test Author 1_21""}"
GET,/api/books/6922a3da0c5f065430bfb1a0,200,0,171,
PUT,/api/books/6922a3da0c5f065430bfb1a0,200,70,3,"{""title"":""Updated Test Book 1_21"",""author"":""Updated Test Author 1_21""}"
DELETE,/api/books/6922a3da0c5f065430bfb1a0,200,0,171,
POST,/api/books,201,54,171,"{""title"":""Test Book 1_22"",""author"":""Test Author 1_22""}"
GET,/api/books/6922a3db0c5f065430bfb1a1,200,0,171,
PUT,/api/books/6922a3db0c5f065430bfb1a1,200,70,3,"{""title"":""Updated Test Book 1_22"",""author"":""Updated Test Author 1_22""}"
DELETE,/api/books/6922a3db0c5f065430bfb1a1,200,0,171,
POST,/api/books,201,54,171,"{""title"":""Test Book 1_23"",""author"":""Test Author 1_23""}"
GET,/api/books/6922a3db0c5f065430bfb1a2,200,0,171,
PUT,/api/books/6922a3db0c5f065430bfb1a2,200,70,3,"{""title"":""Updated Test Book 1_23"",""author"":""Updated Test Author 1_23""}"
DELETE,/api/books/6922a3db0c5f065430bfb1a2,200,0,171,
POST,/api/books,201,54,171,"{""title"":""Test Book 1_24"",""author"":""Test Author 1_24""}"
GET,/api/books/6922a3dc0c5f065430bfb1a3,200,0,171,
PUT,/api/books/6922a3dc0c5f065430bfb1a3,200,70,3,"{""title"":""Updated Test Book 1_24"",""author"":""Updated Test Author 1_24""}"
DELETE,/api/books/6922a3dc0c5f065430bfb1a3,200,0,171,
POST,/api/books,201,54,171,"{""title"":""Test Book 1_25"",""author"":""Test Author 1_25""}"
GET,/api/books/6922a3dc0c5f065430bfb1a4,200,0,171,
PUT,/api/books/6922a3dc0c5f065430bfb1a4,200,70,2467,"{""title"":""Updated Test Book 1_25"",""author"":""Updated Test Author 1_25""}"
DELETE,/api/books/6922a3dc0c5f065430bfb1a4,200,0,2468,
POST,/api/books,201,54,171,"{""title"":""Test Book 1_26"",""author"":""Test Author 1_26""}"
GET,/api/books/6922a3dd0c5f065430bfb1a5,200,0,171,
PUT,/api/books/6922a3dd0c5f065430bfb1a5,200,70,3,"{""title"":""Updated Test Book 1_26"",""author"":""Updated Test Author 1_26""}"
DELETE,/api/books/6922a3dd0c5f065430bfb1a5,200,0,171,
POST,/api/books,201,54,171,"{""title"":""Test Book 1_27"",""author"":""Test Author 1_27""}"
GET,/api/books/6922a3dd0c5f065430bfb1a6,200,0,171,
PUT,/api/books/6922a3dd0c5f065430bfb1a6,200,70,3,"{""title"":""Updated Test Book 1_27"",""author"":""Updated Test Author 1_27""}"
DELETE,/api/books/6922a3dd0c5f065430bfb1a6,200,0,171,
POST,/api/books,201,54,171,"{""title"":""Test Book 1_28"",""author"":""Test Author 1_28""}"
GET,/api/books/6922a3de0c5f065430bfb1a7,200,0,171,
PUT,/api/books/6922a3de0c5f065430bfb1a7,200,70,3,"{""title"":""Updated Test Book 1_28"",""author"":""Updated Test Author 1_28""}"
DELETE,/api/books/6922a3de0c5f065430bfb1a7,200,0,171,
POST,/api/books,201,54,171,"{""title"":""Test Book 1_29"",""author"":""Test Author 1_29""}"
GET,/api/books/6922a3de0c5f065430bfb1a8,200,0,171,
PUT,/api/books/6922a3de0c5f065430bfb1a8,200,70,3,"{""title"":""Updated Test Book 1_29"",""author"":""Updated Test Author 1_29""}"
DELETE,/api/books/6922a3de0c5f065430bfb1a8,200,0,171,
POST,/api/books,201,54,171,"{""title"":""Test Book 1_30"",""author"":""Test Author 1_30""}"
GET,/api/books/6922a3de0c5f065430bfb1a9,200,0,40003,
PUT,/api/books/6922a3de0c5f065430bfb1a9,200,70,171,"{""title"":""Updated Test Book 1_30"",""author"":""Updated Test Author 1_30""}"
DELETE,/api/books/6922a3de0c5f065430bfb1a9,200,0,3,
POST,/api/books,201,54,171,"{""title"":""Test Book 1_31"",""author"":""Test Author 1_31""}"
GET,/api/books/6922a3df0c5f065430bfb1aa,200,0,171,
PUT,/api/books/6922a3df0c5f065430bfb1aa,200,70,3,"{""title"":""Updated Test Book 1_31"",""author"":""Updated Test Author 1_31""}"
DELETE,/api/books/6922a3df0c5f065430bfb1aa,200,0,171,
POST,/api/books,201,54,3,"{""title"":""Test Book 1_32"",""author"":""Test Author 1_32""}"
GET,/api/books/6922a3df0c5f065430bfb1ab,200,0,301,
PUT,/api/books/6922a3df0c5f065430bfb1ab,200,70,3,"{""title"":""Updated Test Book 1_32"",""author"":""Updated Test Author 1_32""}"
DELETE,/api/books/6922a3df0c5f065430bfb1ab,200,0,171,
POST,/api/books,201,54,301,"{""title"":""Test Book 1_33"",""author"":""Test Author 1_33""}"
GET,/api/books/6922a3e00c5f065430bfb1ac,200,0,3,
PUT,/api/books/6922a3e00c5f065430bfb1ac,200,70,3,"{""title"":""Updated Test Book 1_33"",""author"":""Updated Test Author 1_33""}"
DELETE,/api/books/6922a3e00c5f065430bfb1ac,200,0,305,
POST,/api/books,201,54,3,"{""title"":""Test Book 1_34"",""author"":""Test Author 1_34""}"
GET,/api/books/6922a3e00c5f065430bfb1ad,200,0,171,
PUT,/api/books/6922a3e00c5f065430bfb1ad,200,70,3,"{""title"":""Updated Test Book 1_34"",""author"":""Updated Test Author 1_34""}"
DELETE,/api/books/6922a3e00c5f065430bfb1ad,200,0,171,
POST,/api/books,201,54,171,"{""title"":""Test Book 1_35"",""author"":""Test Author 1_35""}"
GET,/api/books/6922a3e10c5f065430bfb1ae,200,0,171,
PUT,/api/books/6922a3e10c5f065430bfb1ae,200,70,3,"{""title"":""Updated Test Book 1_35"",""author"":""Updated Test Author 1_35""}"
DELETE,/api/books/6922a3e10c5f065430bfb1ae,200,0,171,
POST,/api/books,201,54,3,"{""title"":""Test Book 1_36"",""author"":""Test Author 1_36""}"
GET,/api/books/6922a3e10c5f065430bfb1af,200,0,301,
PUT,/api/books/6922a3e10c5f065430bfb1af,200,70,3,"{""title"":""Updated Test Book 1_36"",""author"":""Updated Test Author 1_36""}"
DELETE,/api/books/6922a3e10c5f065430bfb1af,200,0,171,
POST,/api/books,201,54,171,"{""title"":""Test Book 1_37"",""author"":""Test Author 1_37""}"
GET,/api/books/6922a3e20c5f065430bfb1b0,200,0,849,
PUT,/api/books/6922a3e20c5f065430bfb1b0,200,70,4086,"{""title"":""Updated Test Book 1_37"",""author"":""Updated Test Author 1_37""}"
DELETE,/api/books/6922a3e20c5f065430bfb1b0,200,0,171,
POST,/api/books,201,54,171,"{""title"":""Test Book 1_38"",""author"":""Test Author 1_38""}"
GET,/api/books/6922a3e20c5f065430bfb1b1,200,0,171,
PUT,/api/books/6922a3e20c5f065430bfb1b1,200,70,3,"{""title"":""Updated Test Book 1_38"",""author"":""Updated Test Author 1_38""}"
DELETE,/api/books/6922a3e20c5f065430bfb1b1,200,0,171,
POST,/api/books,201,54,171,"{""title"":""Test Book 1_39"",""author"":""Test Author 1_39""}"
GET,/api/books/6922a3e20c5f065430bfb1b2,200,0,171,
PUT,/api/books/6922a3e20c5f065430bfb1b2,200,70,3,"{""title"":""Updated Test Book 1_39"",""author"":""Updated Test Author 1_39""}"
DELETE,/api/books/6922a3e20c5f065430bfb1b2,200,0,171,
POST,/api/books,201,54,171,"{""title"":""Test Book 1_40"",""author"":""Test Author 1_40""}"
GET,/api/books/6922a3e30c5f065430bfb1b3,200,0,171,
PUT,/api/books/6922a3e30c5f065430bfb1b3,200,70,3,"{""title"":""Updated Test Book 1_40"",""author"":""Updated Test Author 1_40""}"
DELETE,/api/books/6922a3e30c5f065430bfb1b3,200,0,171,
POST,/api/books,201,54,171,"{""title"":""Test Book 1_41"",""author"":""Test Author 1_41""}"
GET,/api/books/6922a3e30c5f065430bfb1b4,200,0,171,
PUT,/api/books/6922a3e30c5f065430bfb1b4,200,70,3,"{""title"":""Updated Test Book 1_41"",""author"":""Updated Test Author 1_41""}"
DELETE,/api/books/6922a3e30c5f065430bfb1b4,200,0,171,
POST,/api/books,201,54,171,"{""title"":""Test Book 1_42"",""author"":""Test Author 1_42""}"
GET,/api/books/6922a3e40c5f065430bfb1b5,200,0,171,
PUT,/api/books/6922a3e40c5f065430bfb1b5,200,70,3,"{""title"":""Updated Test Book 1_42"",""author"":""Updated Test Author 1_42""}"
DELETE,/api/books/6922a3e40c5f065430bfb1b5,200,0,171,
POST,/api/books,201,54,171,"{""title"":""Test Book 1_43"",""author"":""Test Author 1_43""}"
GET,/api/books/6922a3e40c5f065430bfb1b6,200,0,171,
PUT,/api/books/6922a3e40c5f065430bfb1b6,200,70,3,"{""title"":""Updated Test Book 1_43"",""author"":""Updated Test Author 1_43""}"
DELETE,/api/books/6922a3e40c5f065430bfb1b6,200,0,171,
POST,/api/books,201,54,171,"{""title"":""Test Book 1_44"",""author"":""Test Author 1_44""}"
GET,/api/books/6922a3e50c5f065430bfb1b7,200,0,171,
PUT,/api/books/6922a3e50c5f065430bfb1b7,200,70,3,"{""title"":""Updated Test Book 1_44"",""author"":""Updated Test Author 1_44""}"
DELETE,/api/books/6922a3e50c5f065430bfb1b7,200,0,171,
POST,/api/books,201,54,171,"{""title"":""Test Book 1_45"",""author"":""Test Author 1_45""}"
GET,/api/books/6922a3e50c5f065430bfb1b8,200,0,171,
PUT,/api/books/6922a3e50c5f065430bfb1b8,200,70,3,"{""title"":""Updated Test Book 1_45"",""author"":""Updated Test Author 1_45""}"
DELETE,/api/books/6922a3e50c5f065430bfb1b8,200,0,171,
POST,/api/books,201,54,171,"{""title"":""Test Book 1_46"",""author"":""Test Author 1_46""}"
GET,/api/books/6922a3e60c5f065430bfb1b9,200,0,171,
PUT,/api/books/6922a3e60c5f065430bfb1b9,200,70,3,"{""title"":""Updated Test Book 1_46"",""author"":""Updated Test Author 1_46""}"
DELETE,/api/books/6922a3e60c5f065430bfb1b9,200,0,171,
POST,/api/books,201,54,171,"{""title"":""Test Book 1_47"",""author"":""Test Author 1_47""}"
GET,/api/books/6922a3e60c5f065430bfb1ba,200,0,171,
PUT,/api/books/6922a3e60c5f065430bfb1ba,200,70,3,"{""title"":""Updated Test Book 1_47"",""author"":""Updated Test Author 1_47""}"
DELETE,/api/books/6922a3e60c5f065430bfb1ba,200,0,171,
POST,/api/books,201,54,171,"{""title"":""Test Book 1_48"",""author"":""Test Author 1_48""}"
GET,/api/books/6922a3e70c5f065430bfb1bb,200,0,171,
PUT,/api/books/6922a3e70c5f065430bfb1bb,200,70,3,"{""title"":""Updated Test Book 1_48"",""author"":""Updated Test Author 1_48""}"
DELETE,/api/books/6922a3e70c5f065430bfb1bb,200,0,171,
POST,/api/books,201,54,1805,"{""title"":""Test Book 1_49"",""author"":""Test Author 1_49""}"
GET,/api/books/6922a3e70c5f065430bfb1bc,200,0,3298,
PUT,/api/books/6922a3e70c5f065430bfb1bc,200,70,3,"{""title"":""Updated Test Book 1_49"",""author"":""Updated Test Author 1_49""}"
DELETE,/api/books/6922a3e70c5f065430bfb1bc,200,0,171,
POST,/api/books,201,54,171,"{""title"":""Test Book 1_50"",""author"":""Test Author 1_50""}"
GET,/api/books/6922a3e70c5f065430bfb1bd,200,0,171,
PUT,/api/books/6922a3e70c5f065430bfb1bd,200,70,3,"{""title"":""Updated Test Book 1_50"",""author"":""Updated Test Author 1_50""}"
DELETE,/api/books/6922a3e70c5f065430bfb1bd,200,0,305,
POST,/api/books,201,54,171,"{""title"":""Test Book 1_51"",""author"":""Test Author 1_51""}"
GET,/api/books/6922a3e80c5f065430bfb1be,200,0,3,
PUT,/api/books/6922a3e80c5f065430bfb1be,200,70,3,"{""title"":""Updated Test Book 1_51"",""author"":""Updated Test Author 1_51""}"
DELETE,/api/books/6922a3e80c5f065430bfb1be,200,0,171,
POST,/api/books,201,54,171,"{""title"":""Test Book 1_52"",""author"":""Test Author 1_52""}"
GET,/api/books/6922a3e80c5f065430bfb1bf,200,0,171,
PUT,/api/books/6922a3e80c5f065430bfb1bf,200,70,41054,"{""title"":""Updated Test Book 1_52"",""author"":""Updated Test Author 1_52""}"
DELETE,/api/books/6922a3e80c5f065430bfb1bf,200,0,171,
POST,/api/books,201,54,171,"{""title"":""Test Book 1_53"",""author"":""Test Author 1_53""}"
GET,/api/books/6922a3e90c5f065430bfb1c0,200,0,171,
PUT,/api/books/6922a3e90c5f065430bfb1c0,200,70,3,"{""title"":""Updated Test Book 1_53"",""author"":""Updated Test Author 1_53""}"
DELETE,/api/books/6922a3e90c5f065430bfb1c0,200,0,171,
POST,/api/books,201,54,171,"{""title"":""Test Book 1_54"",""author"":""Test Author 1_54""}"
GET,/api/books/6922a3e90c5f065430bfb1c1,200,0,171,
PUT,/api/books/6922a3e90c5f065430bfb1c1,200,70,3,"{""title"":""Updated Test Book 1_54"",""author"":""Updated Test Author 1_54""}"
DELETE,/api/books/6922a3e90c5f065430bfb1c1,200,0,171,
POST,/api/books,201,54,171,"{""title"":""Test Book 1_55"",""author"":""Test Author 1_55""}"
GET,/api/books/6922a3ea0c5f065430bfb1c2,200,0,171,
PUT,/api/books/6922a3ea0c5f065430bfb1c2,200,70,3,"{""title"":""Updated Test Book 1_55"",""author"":""Updated Test Author 1_55""}"
DELETE,/api/books/6922a3ea0c5f065430bfb1c2,200,0,171,
POST,/api/books,201,54,171,"{""title"":""Test Book 1_56"",""author"":""Test Author 1_56""}"
GET,/api/books/6922a3ea0c5f065430bfb1c3,200,0,171,
PUT,/api/books/6922a3ea0c5f065430bfb1c3,200,70,3,"{""title"":""Updated Test Book 1_56"",""author"":""Updated Test Author 1_56""}"
DELETE,/api/books/6922a3ea0c5f065430bfb1c3,200,0,171,
POST,/api/books,201,54,171,"{""title"":""Test Book 1_57"",""author"":""Test Author 1_57""}"
GET,/api/books/6922a3eb0c5f065430bfb1c4,200,0,171,
PUT,/api/books/6922a3eb0c5f065430bfb1c4,200,70,3,"{""title"":""Updated Test Book 1_57"",""author"":""Updated Test Author 1_57""}"
DELETE,/api/books/6922a3eb0c5f065430bfb1c4,200,0,171,
POST,/api/books,201,54,171,"{""title"":""Test Book 1_58"",""author"":""Test Author 1_58""}"
GET,/api/books/6922a3eb0c5f065430bfb1c5,200,0,171,
PUT,/api/books/6922a3eb0c5f065430bfb1c5,200,70,3,"{""title"":""Updated Test Book 1_58"",""author"":""Updated Test Author 1_58""}"
DELETE,/api/books/6922a3eb0c5f065430bfb1c5,200,0,171,
POST,/api/books,201,54,171,"{""title"":""Test Book 1_59"",""author"":""Test Author 1_59""}"
GET,/api/books/6922a3eb0c5f065430bfb1c6,200,0,171,
PUT,/api/books/6922a3eb0c5f065430bfb1c6,200,70,3,"{""title"":""Updated Test Book 1_59"",""author"":""Updated Test Author 1_59""}"
DELETE,/api/books/6922a3eb0c5f065430bfb1c6,200,0,171,
POST,/api/books,201,54,171,"{""title"":""Test Book 1_60"",""author"":""Test Author 1_60""}"
GET,/api/books/6922a3ec0c5f065430bfb1c7,200,0,171,
PUT,/api/books/6922a3ec0c5f065430bfb1c7,200,70,3,"{""title"":""Updated Test Book 1_60"",""author"":""Updated Test Author 1_60""}"
DELETE,/api/books/6922a3ec0c5f065430bfb1c7,200,0,225,
POST,/api/books,201,54,4878,"{""title"":""Test Book 1_61"",""author"":""Test Author 1_61""}"
GET,/api/books/6922a3ec0c5f065430bfb1c8,200,0,171,
PUT,/api/books/6922a3ec0c5f065430bfb1c8,200,70,3,"{""title"":""Updated Test Book 1_61"",""author"":""Updated Test Author 1_61""}"
DELETE,/api/books/6922a3ec0c5f065430bfb1c8,200,0,171,
POST,/api/books,201,54,171,"{""title"":""Test Book 1_62"",""author"":""Test Author 1_62""}"
GET,/api/books/6922a3ed0c5f065430bfb1c9,200,0,171,
PUT,/api/books/6922a3ed0c5f065430bfb1c9,200,70,3,"{""title"":""Updated Test Book 1_62"",""author"":""Updated Test Author 1_62""}"
DELETE,/api/books/6922a3ed0c5f065430bfb1c9,200,0,171,
POST,/api/books,201,54,3,"{""title"":""Test Book 1_63"",""author"":""Test Author 1_63""}"
GET,/api/books/6922a3ed0c5f065430bfb1ca,200,0,301,
PUT,/api/books/6922a3ed0c5f065430bfb1ca,200,70,3,"{""title"":""Updated Test Book 1_63"",""author"":""Updated Test Author 1_63""}"
DELETE,/api/books/6922a3ed0c5f065430bfb1ca,200,0,171,
POST,/api/books,201,54,171,"{""title"":""Test Book 1_64"",""author"":""Test Author 1_64""}"
GET,/api/books/6922a3ee0c5f065430bfb1cb,200,0,171,
PUT,/api/books/6922a3ee0c5f065430bfb1cb,200,70,3,"{""title"":""Updated Test Book 1_64"",""author"":""Updated Test Author 1_64""}"
DELETE,/api/books/6922a3ee0c5f065430bfb1cb,200,0,171,
POST,/api/books,201,54,305,"{""title"":""Test Book 1_65"",""author"":""Test Author 1_65""}"
GET,/api/books/6922a3ee0c5f065430bfb1cc,200,0,3,
PUT,/api/books/6922a3ee0c5f065430bfb1cc,200,70,3,"{""title"":""Updated Test Book 1_65"",""author"":""Updated Test Author 1_65""}"
DELETE,/api/books/6922a3ee0c5f065430bfb1cc,200,0,171,
POST,/api/books,201,54,171,"{""title"":""Test Book 1_66"",""author"":""Test Author 1_66""}"
GET,/api/books/6922a3ef0c5f065430bfb1cd,200,0,171,
PUT,/api/books/6922a3ef0c5f065430bfb1cd,200,70,3,"{""title"":""Updated Test Book 1_66"",""author"":""Updated Test Author 1_66""}"
DELETE,/api/books/6922a3ef0c5f065430bfb1cd,200,0,171,
POST,/api/books,201,54,171,"{""title"":""Test Book 1_67"",""author"":""Test Author 1_67""}"
GET,/api/books/6922a3ef0c5f065430bfb1ce,200,0,171,
PUT,/api/books/6922a3ef0c5f065430bfb1ce,200,70,3,"{""title"":""Updated Test Book 1_67"",""author"":""Updated Test Author 1_67""}"
DELETE,/api/books/6922a3ef0c5f065430bfb1ce,200,0,171,
POST,/api/books,201,54,171,"{""title"":""Test Book 1_68"",""author"":""Test Author 1_68""}"
GET,/api/books/6922a3ef0c5f065430bfb1cf,200,0,171,
PUT,/api/books/6922a3ef0c5f065430bfb1cf,200,70,3,"{""title"":""Updated Test Book 1_68"",""author"":""Updated Test Author 1_68""}"
DELETE,/api/books/6922a3ef0c5f065430bfb1cf,200,0,171,
POST,/api/books,201,54,171,"{""title"":""Test Book 1_69"",""author"":""Test Author 1_69""}"
GET,/api/books/6922a3f00c5f065430bfb1d0,200,0,171,
PUT,/api/books/6922a3f00c5f065430bfb1d0,200,70,3,"{""title"":""Updated Test Book 1_69"",""author"":""Updated Test Author 1_69""}"
DELETE,/api/books/6922a3f00c5f065430bfb1d0,200,0,171,
POST,/api/books,201,54,171,"{""title"":""Test Book 1_70"",""author"":""Test Author 1_70""}"
GET,/api/books/6922a3f00c5f065430bfb1d1,200,0,171,
PUT,/api/books/6922a3f00c5f065430bfb1d1,200,70,3,"{""title"":""Updated Test Book 1_70"",""author"":""Updated Test Author 1_70""}"
DELETE,/api/books/6922a3f00c5f065430bfb1d1,200,0,305,
POST,/api/books,201,54,3,"{""title"":""Test Book 1_71"",""author"":""Test Author 1_71""}"
GET,/api/books/6922a3f10c5f065430bfb1d2,200,0,171,
PUT,/api/books/6922a3f10c5f065430bfb1d2,200,70,3,"{""title"":""Updated Test Book 1_71"",""author"":""Updated Test Author 1_71""}"
DELETE,/api/books/6922a3f10c5f065430bfb1d2,200,0,171,
POST,/api/books,201,54,171,"{""title"":""Test Book 1_72"",""author"":""Test Author 1_72""}"
GET,/api/books/6922a3f10c5f065430bfb1d3,200,0,3,
PUT,/api/books/6922a3f10c5f065430bfb1d3,200,70,225,"{""title"":""Updated Test Book 1_72"",""author"":""Updated Test Author 1_72""}"
DELETE,/api/books/6922a3f10c5f065430bfb1d3,200,0,4878,
POST,/api/books,201,54,171,"{""title"":""Test Book 1_73"",""author"":""Test Author 1_73""}"
GET,/api/books/6922a3f20c5f065430bfb1d4,200,0,171,
PUT,/api/books/6922a3f20c5f065430bfb1d4,200,70,106523,"{""title"":""Updated Test Book 1_73"",""author"":""Updated Test Author 1_73""}"
DELETE,/api/books/6922a3f20c5f065430bfb1d4,200,0,171,
POST,/api/books,201,54,171,"{""title"":""Test Book 1_74"",""author"":""Test Author 1_74""}"
GET,/api/books/6922a3f20c5f065430bfb1d5,200,0,171,
PUT,/api/books/6922a3f20c5f065430bfb1d5,200,70,3,"{""title"":""Updated Test Book 1_74"",""author"":""Updated Test Author 1_74""}"
DELETE,/api/books/6922a3f20c5f065430bfb1d5,200,0,171,
POST,/api/books,201,54,42658,"{""title"":""Test Book 1_75"",""author"":""Test Author 1_75""}"
GET,/api/books/6922a3f30c5f065430bfb1d6,200,0,171,
PUT,/api/books/6922a3f30c5f065430bfb1d6,200,70,3,"{""title"":""Updated Test Book 1_75"",""author"":""Updated Test Author 1_75""}"
DELETE,/api/books/6922a3f30c5f065430bfb1d6,200,0,171,
POST,/api/books,201,54,171,"{""title"":""Test Book 1_76"",""author"":""Test Author 1_76""}"
GET,/api/books/6922a3f30c5f065430bfb1d7,200,0,171,
PUT,/api/books/6922a3f30c5f065430bfb1d7,200,70,3,"{""title"":""Updated Test Book 1_76"",""author"":""Updated Test Author 1_76""}"
DELETE,/api/books/6922a3f30c5f065430bfb1d7,200,0,171,
POST,/api/books,201,54,171,"{""title"":""Test Book 1_77"",""author"":""Test Author 1_77""}"
GET,/api/books/6922a3f40c5f065430bfb1d8,200,0,171,
PUT,/api/books/6922a3f40c5f065430bfb1d8,200,70,3,"{""title"":""Updated Test Book 1_77"",""author"":""Updated Test Author 1_77""}"
DELETE,/api/books/6922a3f40c5f065430bfb1d8,200,0,305,
POST,/api/books,201,54,3,"{""title"":""Test Book 1_78"",""author"":""Test Author 1_78""}"
GET,/api/books/6922a3f40c5f065430bfb1d9,200,0,171,
PUT,/api/books/6922a3f40c5f065430bfb1d9,200,70,3,"{""title"":""Updated Test Book 1_78"",""author"":""Updated Test Author 1_78""}"
DELETE,/api/books/6922a3f40c5f065430bfb1d9,200,0,171,
POST,/api/books,201,54,171,"{""title"":""Test Book 1_79"",""author"":""Test Author 1_79""}"
GET,/api/books/6922a3f40c5f065430bfb1da,200,0,171,
PUT,/api/books/6922a3f40c5f065430bfb1da,200,70,3,"{""title"":""Updated Test Book 1_79"",""author"":""Updated Test Author 1_79""}"
DELETE,/api/books/6922a3f40c5f065430bfb1da,200,0,171,
POST,/api/books,201,54,171,"{""title"":""Test Book 1_80"",""author"":""Test Author 1_80""}"
GET,/api/books/6922a3f50c5f065430bfb1db,200,0,171,
PUT,/api/books/6922a3f50c5f065430bfb1db,200,70,3,"{""title"":""Updated Test Book 1_80"",""author"":""Updated Test Author 1_80""}"
DELETE,/api/books/6922a3f50c5f065430bfb1db,200,0,171,
POST,/api/books,201,54,305,"{""title"":""Test Book 1_81"",""author"":""Test Author 1_81""}"
GET,/api/books/6922a3f50c5f065430bfb1dc,200,0,3,
PUT,/api/books/6922a3f50c5f065430bfb1dc,200,70,3,"{""title"":""Updated Test Book 1_81"",""author"":""Updated Test Author 1_81""}"
DELETE,/api/books/6922a3f50c5f065430bfb1dc,200,0,171,
POST,/api/books,201,54,171,"{""title"":""Test Book 1_82"",""author"":""Test Author 1_82""}"
GET,/api/books/6922a3f60c5f065430bfb1dd,200,0,171,
PUT,/api/books/6922a3f60c5f065430bfb1dd,200,70,3,"{""title"":""Updated Test Book 1_82"",""author"":""Updated Test Author 1_82""}"
DELETE,/api/books/6922a3f60c5f065430bfb1dd,200,0,171,
POST,/api/books,201,54,171,"{""title"":""Test Book 1_83"",""author"":""Test Author 1_83""}"
GET,/api/books/6922a3f60c5f065430bfb1de,200,0,171,
PUT,/api/books/6922a3f60c5f065430bfb1de,200,70,3,"{""title"":""Updated Test Book 1_83"",""author"":""Updated Test Author 1_83""}"
DELETE,/api/books/6922a3f60c5f065430bfb1de,200,0,171,
POST,/api/books,201,54,171,"{""title"":""Test Book 1_84"",""author"":""Test Author 1_84""}"
GET,/api/books/6922a3f70c5f065430bfb1df,200,0,171,
PUT,/api/books/6922a3f70c5f065430bfb1df,200,70,4885,"{""title"":""Updated Test Book 1_84"",""author"":""Updated Test Author 1_84""}"
DELETE,/api/books/6922a3f70c5f065430bfb1df,200,0,3,
POST,/api/books,201,54,171,"{""title"":""Test Book 1_85"",""author"":""Test Author 1_85""}"
GET,/api/books/6922a3f70c5f065430bfb1e0,200,0,171,
PUT,/api/books/6922a3f70c5f065430bfb1e0,200,70,3,"{""title"":""Updated Test Book 1_85"",""author"":""Updated Test Author 1_85""}"
DELETE,/api/books/6922a3f70c5f065430bfb1e0,200,0,171,
POST,/api/books,201,54,171,"{""title"":""Test Book 1_86"",""author"":""Test Author 1_86""}"
GET,/api/books/6922a3f80c5f065430bfb1e1,200,0,171,
PUT,/api/books/6922a3f80c5f065430bfb1e1,200,70,3,"{""title"":""Updated Test Book 1_86"",""author"":""Updated Test Author 1_86""}"
DELETE,/api/books/6922a3f80c5f065430bfb1e1,200,0,171,
POST,/api/books,201,54,171,"{""title"":""Test Book 1_87"",""author"":""Test Author 1_87""}"
GET,/api/books/6922a3f80c5f065430bfb1e2,200,0,171,
PUT,/api/books/6922a3f80c5f065430bfb1e2,200,70,3,"{""title"":""Updated Test Book 1_87"",""author"":""Updated Test Author 1_87""}"
DELETE,/api/books/6922a3f80c5f065430bfb1e2,200,0,305,
POST,/api/books,201,54,3,"{""title"":""Test Book 1_88"",""author"":""Test Author 1_88""}"
GET,/api/books/6922a3f80c5f065430bfb1e3,200,0,171,
PUT,/api/books/6922a3f80c5f065430bfb1e3,200,70,3,"{""title"":""Updated Test Book 1_88"",""author"":""Updated Test Author 1_88""}"
DELETE,/api/books/6922a3f80c5f065430bfb1e3,200,0,305,
POST,/api/books,201,54,3,"{""title"":""Test Book 1_89"",""author"":""Test Author 1_89""}"
GET,/api/books/6922a3f90c5f065430bfb1e4,200,0,171,
PUT,/api/books/6922a3f90c5f065430bfb1e4,200,70,3,"{""title"":""Updated Test Book 1_89"",""author"":""Updated Test Author 1_89""}"
DELETE,/api/books/6922a3f90c5f065430bfb1e4,200,0,171,
POST,/api/books,201,54,171,"{""title"":""Test Book 1_90"",""author"":""Test Author 1_90""}"
GET,/api/books/6922a3f90c5f065430bfb1e5,200,0,171,
PUT,/api/books/6922a3f90c5f065430bfb1e5,200,70,171,"{""title"":""Updated Test Book 1_90"",""author"":""Updated Test Author 1_90""}"
DELETE,/api/books/6922a3f90c5f065430bfb1e5,200,0,3,
POST,/api/books,201,54,171,"{""title"":""Test Book 1_91"",""author"":""Test Author 1_91""}"
GET,/api/books/6922a3fa0c5f065430bfb1e6,200,0,171,
PUT,/api/books/6922a3fa0c5f065430bfb1e6,200,70,3,"{""title"":""Updated Test Book 1_91"",""author"":""Updated Test Author 1_91""}"
DELETE,/api/books/6922a3fa0c5f065430bfb1e6,200,0,171,
POST,/api/books,201,54,171,"{""title"":""Test Book 1_92"",""author"":""Test Author 1_92""}"
GET,/api/books/6922a3fa0c5f065430bfb1e7,200,0,171,
PUT,/api/books/6922a3fa0c5f065430bfb1e7,200,70,3,"{""title"":""Updated Test Book 1_92"",""author"":""Updated Test Author 1_92""}"
DELETE,/api/books/6922a3fa0c5f065430bfb1e7,200,0,171,
POST,/api/books,201,54,171,"{""title"":""Test Book 1_93"",""author"":""Test Author 1_93""}"
GET,/api/books/6922a3fb0c5f065430bfb1e8,200,0,171,
PUT,/api/books/6922a3fb0c5f065430bfb1e8,200,70,3,"{""title"":""Updated Test Book 1_93"",""author"":""Updated Test Author 1_93""}"
DELETE,/api/books/6922a3fb0c5f065430bfb1e8,200,0,171,
POST,/api/books,201,54,171,"{""title"":""Test Book 1_94"",""author"":""Test Author 1_94""}"
GET,/api/books/6922a3fb0c5f065430bfb1e9,200,0,171,
PUT,/api/books/6922a3fb0c5f065430bfb1e9,200,70,3,"{""title"":""Updated Test Book 1_94"",""author"":""Updated Test Author 1_94""}"
DELETE,/api/books/6922a3fb0c5f065430bfb1e9,200,0,171,
POST,/api/books,201,54,171,"{""title"":""Test Book 1_95"",""author"":""Test Author 1_95""}"
GET,/api/books/6922a3fc0c5f065430bfb1ea,200,0,171,
PUT,/api/books/6922a3fc0c5f065430bfb1ea,200,70,3,"{""title"":""Updated Test Book 1_95"",""author"":""Updated Test Author 1_95""}"
DELETE,/api/books/6922a3fc0c5f065430bfb1ea,200,0,171,
POST,/api/books,201,54,171,"{""title"":""Test Book 1_96"",""author"":""Test Author 1_96""}"
GET,/api/books/6922a3fc0c5f065430bfb1eb,200,0,2635,
PUT,/api/books/6922a3fc0c5f065430bfb1eb,200,70,2300,"{""title"":""Updated Test Book 1_96"",""author"":""Updated Test Author 1_96""}"
DELETE,/api/books/6922a3fc0c5f065430bfb1eb,200,0,171,
POST,/api/books,201,54,171,"{""title"":""Test Book 1_97"",""author"":""Test Author 1_97""}"
GET,/api/books/6922a3fc0c5f065430bfb1ec,200,0,44005,
PUT,/api/books/6922a3fc0c5f065430bfb1ec,200,70,3,"{""title"":""Updated Test Book 1_97"",""author"":""Updated Test Author 1_97""}"
DELETE,/api/books/6922a3fc0c5f065430bfb1ec,200,0,171,
POST,/api/books,201,54,171,"{""title"":""Test Book 1_98"",""author"":""Test Author 1_98""}"
GET,/api/books/6922a3fd0c5f065430bfb1ed,200,0,171,
PUT,/api/books/6922a3fd0c5f065430bfb1ed,200,70,3,"{""title"":""Updated Test Book 1_98"",""author"":""Updated Test Author 1_98""}"
DELETE,/api/books/6922a3fd0c5f065430bfb1ed,200,0,171,
POST,/api/books,201,54,171,"{""title"":""Test Book 1_99"",""author"":""Test Author 1_99""}"
GET,/api/books/6922a3fd0c5f065430bfb1ee,200,0,171,
PUT,/api/books/6922a3fd0c5f065430bfb1ee,200,70,3,"{""title"":""Updated Test Book 1_99"",""author"":""Updated Test Author 1_99""}"
DELETE,/api/books/6922a3fd0c5f065430bfb1ee,200,0,171,
POST,/api/books,201,56,171,"{""title"":""Test Book 1_100"",""author"":""Test Author 1_100""}"
GET,/api/books/6922a3fe0c5f065430bfb1ef,200,0,171,
PUT,/api/books/6922a3fe0c5f065430bfb1ef,200,72,3,"{""title"":""Updated Test Book 1_100"",""author"":""Updated Test Author 1_100""}"
DELETE,/api/books/6922a3fe0c5f065430bfb1ef,200,0,171,
